experiment,topology,init,final_time,final_W_0,final_W_1,final_W_2,final_total_patches
baseline,rugged,uniform,20.005507194109107,0.01715206006929809,0.29718969083107205,0.6856582490996345,976.0
intelligence,rugged,uniform,20.06307283925842,0.01025791255916145,0.43964453886055993,0.5500975485802794,620.0
