time,total_patches,W_0,W_1,W_2
0.0,100,0.0,0.0,0.0
1.0005037477317713,88,0.15090722120737704,0.39028602871070445,0.45880675008191873
2.0799307999138623,85,0.06071912112558543,0.45174387844487085,0.4875370004295433
5.013680269315249,99,0.025170091690063984,0.4684423184708011,0.5063875898391333
9.404771650419125,173,0.016768009495023217,0.47567804466947383,0.5075539458355033
10.175403450605437,202,0.005492564995251626,0.4755099697658107,0.5189974652389353
18.22524343708131,533,0.005228030741093693,0.4223771883270785,0.5723947809318289
20.01091156357929,669,0.0069159155458500595,0.3835695527120488,0.6095145317421052
