time,total_patches,W_0,W_1,W_2
0.0,100,0.0,0.0,0.0
1.0093705883534994,79,0.1808851342906041,0.43598049303887176,0.38313437267052364
2.0238339156048744,79,0.10191324538656203,0.485374911238383,0.41271184337505584
5.066050927663822,89,0.023060077960560865,0.5444251244282448,0.4325147976111958
7.874800389182303,153,0.01709950384126275,0.5691436730967311,0.41375682306200146
10.189278914692219,167,0.008331389873246116,0.552499525136057,0.4391690849906941
18.350916335859488,516,0.0035134620465017597,0.5158644705951964,0.4806220673583049
20.028428102917264,674,0.0030399351281539754,0.5178038955738075,0.4791561692980401
