time,total_patches,W_0,W_1,W_2
0.0,100,0.0,0.0,0.0
1.0095060539566678,88,0.18778034945337982,0.32860187038892597,0.4836177801576931
2.121173276158279,87,0.100959639644995,0.3851626920268548,0.5138776683281508
5.0059181195993245,86,0.00840108168214414,0.45461633118034606,0.5369825871375106
7.539550645458432,127,0.013340903334278521,0.4650698090923318,0.5215892875733914
10.063185703308537,183,0.010820627285775486,0.5074038271273893,0.48177554558683666
16.0720910359824,482,0.004214961392240476,0.5043002490420632,0.4914847895656971
20.045069317496946,774,0.003582569834593629,0.47967248380722666,0.5167449463581797
