time,total_patches,W_0,W_1,W_2
0.0,100,0.0,0.0,0.0
1.0093705883534994,79,0.16996092093736168,0.44690470639211427,0.38313437267052364
2.077378865703545,85,0.09407876040093097,0.4971989825034558,0.4087222570956128
5.003675407082842,95,0.005748738169962175,0.5584458213919996,0.43580544043803876
10.206718426798929,188,0.005223017202201421,0.4755937216341195,0.51918326116368
10.99978328456177,214,0.006283945261116588,0.4526553261166771,0.5410607286222069
18.460686215262655,442,0.004140967867527425,0.364464789543545,0.6313942425889304
20.01641333153395,548,0.0029916507237522537,0.3612285821897957,0.6357797670864478
