experiment,topology,init,final_time,final_W_0,final_W_1,final_W_2,final_total_patches
baseline,smooth,uniform,20.00505583327773,0.014364229115584541,0.5428073726483863,0.4428283982360345,1980.0
intelligence,smooth,uniform,20.028428102917264,0.0030399351281539754,0.5178038955738075,0.4791561692980401,674.0
