experiment,topology,init,final_time,final_W_0,final_W_1,final_W_2,final_total_patches
baseline,rugged,uniform,20.008253246318688,0.01096467710640761,0.3201973768736908,0.6688379460199027,1070.0
intelligence,rugged,uniform,20.00139868330773,0.004448761149859133,0.49554519481067844,0.5000060440394586,455.0
