time,total_patches,W_0,W_1,W_2
0.0,100,0.0,0.0,0.0
1.0095060539566678,93,0.1665572454132661,0.32995880314788567,0.503483951438847
2.029054891690991,93,0.05478228460361044,0.38077098382470714,0.5644467315716833
5.547252336576278,99,0.0014311981529485111,0.4359535348771851,0.5626152669698667
10.020850551718086,175,0.011691047949990147,0.4211823279605311,0.5671266240894793
10.50012761510857,200,0.01148627138778976,0.42875942164072256,0.559754306971486
16.90517287409118,345,0.008199049176137205,0.44229970781658273,0.549501243007274
19.46731621189471,566,0.00909643828964024,0.4416854964734984,0.5492180652368636
20.06307283925842,620,0.01025791255916145,0.43964453886055993,0.5500975485802794
