time,total_patches,W_0,W_1,W_2
0.0,100,0.0,0.0,0.0
1.0095060539566678,89,0.17278666669279275,0.3451103245394413,0.48210300876776463
2.1250349851024524,90,0.07032932476039287,0.41445901665430573,0.5152116585853028
5.206386305942798,97,0.005479196899755442,0.46374814377885093,0.530772659321394
8.377399553703139,153,0.01610928598869475,0.4544193127066857,0.5294714013046199
10.232061535490015,213,0.008680175895820786,0.4884948259580969,0.5028249981460841
17.131003115095595,490,0.00840695972215823,0.43441864917400436,0.5571743911038454
20.01111290230756,832,0.006536762773531597,0.3845767528384377,0.6088864843880426
