experiment,topology,init,final_time,final_W_0,final_W_1,final_W_2,final_total_patches
baseline,cluster,uniform,20.01082411083304,0.02088881192807326,0.48348487069922513,0.4956263173726982,1593.0
intelligence,cluster,uniform,20.01641333153395,0.0029916507237522537,0.3612285821897957,0.6357797670864478,548.0
