experiment,topology,init,final_time,final_total_patches,final_W_0,final_W_1,final_W_2,final_BB_fraction
baseline,cluster,concentrated,20.00509086161341,656,0.0296686748716804,0.8217598507764655,0.1485714743518532,
baseline,cluster,uniform,20.009972051445448,1295,0.0160027132508687,0.4794103406725437,0.5045869460765843,
intelligence,cluster,uniform,20.01091156357929,669,0.0069159155458500595,0.3835695527120488,0.6095145317421052,
