time,total_patches,W_0,W_1,W_2
0.0,100,0.0,0.0,0.0
1.1740804574477344,80,0.1553878978255369,0.4521314329035684,0.3924806692708948
2.226882917988984,87,0.05717040948771143,0.5053993769787324,0.43743021353355627
5.035333625948422,103,0.0014694696674055312,0.5373377795893881,0.4611927507432067
9.23176528057614,176,0.013389114989850336,0.5176873067616959,0.46892357824845415
10.112405638526191,173,0.011359899763535864,0.5156601930106538,0.472979907225812
15.080799150126722,332,0.012921343842089745,0.5034792084971761,0.4835994476607335
20.00139868330773,455,0.004448761149859133,0.49554519481067844,0.5000060440394586
