experiment,topology,init,final_time,final_W_0,final_W_1,final_W_2,final_total_patches
baseline,cluster,uniform,20.009972051445448,0.016002713250868737,0.47941034067254373,0.5045869460765843,1295.0
intelligence,cluster,uniform,20.01091156357929,0.0069159155458500595,0.3835695527120488,0.6095145317421052,669.0
