experiment,topology,init,final_time,final_total_patches,final_W_0,final_W_1,final_W_2,final_BB_fraction
baseline,smooth,uniform,20.001913323355453,1616,0.0160966873599977,0.5323872485198298,0.4515160641201806,
baseline,smooth,uniform,20.001913323355453,1616,0.01609668735999774,0.5323872485198298,0.4515160641201806,
