experiment,topology,init,final_time,final_W_0,final_W_1,final_W_2,final_total_patches
baseline,cluster,uniform,20.004730523642905,0.018636130899945653,0.47794004978745613,0.5034238193125907,1408.0
intelligence,cluster,uniform,20.01111290230756,0.006536762773531597,0.3845767528384377,0.6088864843880426,832.0
