experiment,topology,init,final_time,final_W_0,final_W_1,final_W_2,final_total_patches
baseline,smooth,uniform,20.001913323355453,0.01609668735999774,0.5323872485198298,0.4515160641201806,1616.0
intelligence,smooth,uniform,20.045069317496946,0.003582569834593629,0.47967248380722666,0.5167449463581797,774.0
